FIPS,State,County,DIRSALES_FARMS07,DIRSALES_FARMS12,PCH_DIRSALES_FARMS_07_12,PCT_LOCLFARM07,PCT_LOCLFARM12,PCT_LOCLSALE07,PCT_LOCLSALE12,DIRSALES07,DIRSALES12,PCH_DIRSALES_07_12,PC_DIRSALES07,PC_DIRSALES12,PCH_PC_DIRSALES_07_12,FMRKT13,FMRKT18,PCH_FMRKT_13_18,FMRKTPTH13,FMRKTPTH18,PCH_FMRKTPTH_13_18,FMRKT_SNAP18,PCT_FMRKT_SNAP18,FMRKT_WIC18,PCT_FMRKT_WIC18,FMRKT_WICCASH18,PCT_FMRKT_WICCASH18,FMRKT_SFMNP18,PCT_FMRKT_SFMNP18,FMRKT_CREDIT18,PCT_FMRKT_CREDIT18,FMRKT_FRVEG18,PCT_FMRKT_FRVEG18,FMRKT_ANMLPROD18,PCT_FMRKT_ANMLPROD18,FMRKT_BAKED18,PCT_FMRKT_BAKED18,FMRKT_OTHERFOOD18,PCT_FMRKT_OTHERFOOD18,VEG_FARMS07,VEG_FARMS12,PCH_VEG_FARMS_07_12,VEG_ACRES07,VEG_ACRES12,PCH_VEG_ACRES_07_12,VEG_ACRESPTH07,VEG_ACRESPTH12,PCH_VEG_ACRESPTH_07_12,FRESHVEG_FARMS07,FRESHVEG_FARMS12,PCH_FRESHVEG_FARMS_07_12,FRESHVEG_ACRES07,FRESHVEG_ACRES12,PCH_FRESHVEG_ACRES_07_12,FRESHVEG_ACRESPTH07,FRESHVEG_ACRESPTH12,PCH_FRESHVEG_ACRESPTH_07_12,ORCHARD_FARMS07,ORCHARD_FARMS12,PCH_ORCHARD_FARMS_07_12,ORCHARD_ACRES07,ORCHARD_ACRES12,PCH_ORCHARD_ACRES_07_12,ORCHARD_ACRESPTH07,ORCHARD_ACRESPTH12,PCH_ORCHARD_ACRESPTH_07_12,BERRY_FARMS07,BERRY_FARMS12,PCH_BERRY_FARMS_07_12,BERRY_ACRES07,BERRY_ACRES12,PCH_BERRY_ACRES_07_12,BERRY_ACRESPTH07,BERRY_ACRESPTH12,PCH_BERRY_ACRESPTH_07_12,SLHOUSE07,SLHOUSE12,PCH_SLHOUSE_07_12,GHVEG_FARMS07,GHVEG_FARMS12,PCH_GHVEG_FARMS_07_12,GHVEG_SQFT07,GHVEG_SQFT12,PCH_GHVEG_SQFT_07_12,GHVEG_SQFTPTH07,GHVEG_SQFTPTH12,PCH_GHVEG_SQFTPTH_07_12,FOODHUB18,CSA07,CSA12,PCH_CSA_07_12,AGRITRSM_OPS07,AGRITRSM_OPS12,PCH_AGRITRSM_OPS_07_12,AGRITRSM_RCT07,AGRITRSM_RCT12,PCH_AGRITRSM_RCT_07_12,FARM_TO_SCHOOL13,FARM_TO_SCHOOL15
37001,NC,Alamance,78,94,20.51282051,10.35856574,12.84153005,1.016002628,1.612511388,433,531,22.63279446,2.992149925,3.452041971,15.36995327,3,4,33.33333206,0.019455379,0.024033261,23.53016472,1,25,0,0,0,0,0,0,2,50,1,25,1,25,0,0,1,25,71,56,-21.12676056,242,164,47.56097561,1.672287025,1.573247,-5.922429821,69,53,-23.1884058,238,162,-31.93277311,1.644645917,1.053165347,-35.96400685,28,27,-3.571428571,55,86,56.36363636,0.380065233,0.559087777,47.10310973,19,23,21.05263158,23,22,-4.347826087,0.15893637,0.143022455,-10.01275896,1,1,0,4,7,75,,29200,,,189.8298033,,,6,12,100,7,8,14.28571429,24000,16000,-33.33333333,1,1
37003,NC,Alexander,24,42,75,3.827751196,6.965174129,0.286717222,0.360206746,321,676,110.5919003,8.768335655,18.28212895,108.5017005,0,1,,0,0.026771611,,0,0,0,0,0,0,0,0,1,100,1,100,1,100,1,100,1,100,15,11,-26.66666667,250,226,10.61946903,6.82892185,6.761142363,-0.992535699,15,11,-26.66666667,250,,,6.82892185,,,26,29,11.53846154,276,288,4.347826087,7.539129722,7.788836002,3.312136662,4,12,200,1,12,1100,0.027315687,0.324534833,1088.089572,1,0,-100,1,5,400,,8064,,,218.087408,,,1,4,300,6,6,0,,9000,,1,1
37005,NC,Alleghany,14,17,21.42857143,2.697495183,2.998236332,0.282402777,0.451293341,96,164,70.83333333,8.679142935,15.00869406,72.92829688,1,1,0,0.091701053,0.089597709,-2.293696165,0,0,0,0,0,0,0,0,1,100,1,100,1,100,1,100,1,100,11,24,118.1818182,965,1864,-48.22961373,87.24346804,88.31335225,1.226320124,11,24,118.1818182,,,,,,,8,9,12.5,19,27,42.10526316,1.717747039,2.470943534,43.8479286,3,6,100,5,6,20,0.452038695,0.549098563,21.47158415,0,0,0,0,0,,0,0,,0,0,,,1,3,200,10,5,-50,97000,14000,-85.56701031,1,1
37007,NC,Anson,17,18,5.882352941,3.490759754,4.195804196,0.013950716,0.012895572,22,25,13.63636364,0.825082508,0.949811937,15.11720679,2,2,0,0.077029735,0.08039555,4.369500637,0,0,0,0,1,50,0,0,0,0,2,100,1,50,1,50,1,50,13,16,23.07692308,79,49,61.2244898,2.96279628,3.001405722,1.303141978,13,16,23.07692308,79,49,-37.97468354,2.96279628,1.861631397,-37.16640561,8,4,-50,234,16,-93.16239316,8.775877588,0.60787964,-93.07328944,1,4,300,,,,,,,0,0,0,2,3,50,,7200,,,273.5458379,,,0,2,,5,10,100,25000,,,1,1
37009,NC,Ashe,62,83,33.87096774,5.511111111,7.280701754,0.880032612,0.741556535,367,404,10.08174387,13.84592168,14.88193907,7.482473312,2,1,-50,0.074490666,0.036888119,-50.47954178,1,100,1,100,0,0,1,100,1,100,1,100,1,100,1,100,1,100,73,66,-9.589041096,175,274,-36.13138686,6.602278729,6.446384499,-2.361218551,72,66,-8.333333333,173,266,53.75722543,6.526824115,9.798504439,50.1266813,38,19,-50,93,45,-51.61290323,3.508639553,1.657641728,-52.75542833,29,34,17.24137931,23,34,47.82608696,0.867728062,1.252440417,44.33558997,0,0,0,1,19,1800,,29833,,,1098.942793,,,9,10,11.11111111,5,34,580,3000,111000,3600,0,0
37011,NC,Avery,17,40,135.2941176,3.5639413,8.281573499,0.399571192,2.22118851,82,382,365.8536585,4.568499638,21.68113968,374.5789952,1,1,0,0.056773022,0.057126537,0.622681558,0,0,0,0,0,0,0,0,0,0,0,0,0,0,0,0,0,0,19,27,42.10526316,81,119,-31.93277311,4.512786228,4.597309722,1.872978035,19,27,42.10526316,,,,,,,3,4,33.33333333,,31,,,1.759464215,,8,10,25,9,22,144.4444444,0.501420692,1.248652023,149.0228352,0,0,0,0,0,,0,0,,0,0,,,3,5,66.66666667,1,40,3900,,193000,,1,1
37013,NC,Beaufort,20,23,15,5.420054201,6.318681319,,0.04851854,,59,,,1.241922243,,1,1,0,0.021109516,0.021240894,0.622363627,0,0,0,0,0,0,0,0,0,0,0,0,0,0,0,0,0,0,12,12,0,457,141,224.1134752,9.785448161,9.619635001,-1.694487128,11,12,9.090909091,,141,,,2.967983666,,14,14,0,71,80,12.67605634,1.520277504,1.683962363,10.76677507,4,5,25,4,5,25,0.085649437,0.105247648,22.88189109,1,1,0,1,0,-100,,0,,,0,,,4,3,-25,3,7,133.3333333,13000,49000,276.9230769,1,1
37015,NC,Bertie,4,7,75,1.433691756,2.153846154,,0.144337314,,325,,,15.78512798,,0,0,0,0,0,0,0,0,0,0,0,0,0,0,0,0,0,0,0,0,0,0,0,0,14,8,-42.85714286,1811,826,119.2493947,86.53892101,87.95959007,1.64165331,11,5,-54.54545455,936,205,-78.0982906,44.72690782,9.956773034,-77.73874046,0,0,,0,0,,0,0,,1,1,0,,,,,,,1,1,0,0,0,,0,0,,0,0,,,3,1,-66.66666667,2,1,-50,,,,1,1
37017,NC,Bladen,35,38,8.571428571,7,7.723577236,0.028656343,0.195761948,97,604,522.6804124,2.829225609,17.30113718,511.5149362,0,0,0,0,0,0,0,0,0,0,0,0,0,0,0,0,0,0,0,0,0,0,0,0,29,30,3.448275862,166,691,-75.97684515,4.841767537,4.754948297,-1.793131105,29,28,-3.448275862,158,,,4.608429342,,,28,52,85.71428571,229,553,141.4847162,6.679305819,15.84027957,137.1545786,32,42,31.25,,3670,,,105.1244593,,2,1,-50,0,0,,0,0,,0,0,,,9,7,-22.22222222,2,12,500,,293000,,1,1
37019,NC,Brunswick,17,30,76.47058824,6.439393939,11.81102362,0.307978641,,139,,,1.403926955,,,1,2,100,0.008701705,0.014625871,68.08050537,0,0,0,0,0,0,0,0,2,100,2,100,2,100,2,100,2,100,17,22,29.41176471,1004,1100,-8.727272727,10.1405947,8.94392232,-11.80081065,17,20,17.64705882,1004,,,10.1405947,,,9,11,22.22222222,26,35,34.61538462,0.262605042,0.311790121,18.72967797,6,12,100,15,31,106.6666667,0.151502909,0.276156964,82.27832465,0,0,0,1,0,-100,,0,,,0,,,3,2,-33.33333333,2,3,50,,,,1,1
37021,NC,Buncombe,115,168,46.08695652,10.67780873,15.8490566,3.84522435,2.096925367,1432,1141,-20.32122905,6.205420209,4.671577077,-24.71779639,14,17,21.4285717,0.056720808,0.065610975,15.67355442,4,23.52941132,0,0,0,0,1,5.882352829,10,58.82352829,10,58.82352829,10,58.82352829,10,58.82352829,10,58.82352829,108,114,5.555555556,715,730,-2.054794521,3.098376711,2.927412454,-5.517865405,89,112,25.84269663,673,702,4.309063893,2.916374163,2.874186773,-1.446569857,35,31,-11.42857143,172,152,-11.62790698,0.745343768,0.622331039,-16.50416012,37,55,48.64864865,26,43,65.38461538,0.112668244,0.176054176,56.25891491,0,0,0,4,12,200,12496,28176,125.4801536,54.15009143,115.3605221,113.0384623,,13,30,130.7692308,15,21,40,1211000,,,1,1
37023,NC,Burke,48,59,22.91666667,9.979209979,12.1399177,0.311850312,0.749311295,111,340,206.3063063,1.231335833,3.777987666,206.8202488,3,3,0,0.033577703,0.033192448,-1.147352576,2,66.66666412,2,66.66666412,2,66.66666412,2,66.66666412,1,33.33333206,3,100,3,100,3,100,3,100,41,37,-9.756097561,130,113,15.04424779,1.44210503,1.444524696,0.167787099,41,37,-9.756097561,111,112,0.900900901,1.231335833,1.244513584,1.070199596,17,37,117.6470588,78,125,60.25641026,0.865263018,1.388966054,60.52529984,5,30,500,2,28,1300,0.022186231,0.311128396,1302.349019,1,1,0,2,3,50,,44003,,,488.9493861,,,9,2,-77.77777778,8,12,50,57000,56000,-1.754385965,1,0
37025,NC,Cabarrus,37,50,35.13513514,6.055646481,8.488964346,0.171775394,0.264976546,90,148,64.44444444,0.543094553,0.802563866,47.77608468,5,5,0,0.026732821,0.023658335,-11.5007906,0,0,4,80,0,0,0,0,4,80,4,80,4,80,4,80,4,80,24,21,-12.5,86,106,-18.86792453,0.518957017,0.466354679,-10.13616472,24,20,-16.66666667,86,,,0.518957017,,,24,21,-12.5,66,48,-27.27272727,0.398269339,0.260290984,-34.64448343,9,7,-22.22222222,6,8,33.33333333,0.036206304,0.043381831,19.81844704,1,2,100,0,5,,0,5632,,0,30.54080875,,1,2,9,350,7,19,171.4285714,106000,515000,385.8490566,1,1
37027,NC,Caldwell,18,39,116.6666667,3.921568627,9.489051095,0.583104429,0.505788468,121,90,-25.61983471,1.483061234,1.098646224,-25.92037347,3,3,0,0.036565743,0.03657243,0.018287323,1,33.33333206,1,33.33333206,1,33.33333206,0,0,2,66.66666412,2,66.66666412,2,66.66666412,2,66.66666412,2,66.66666412,25,18,-28,78,120,-35,0.956022945,0.952160061,-0.404057667,22,18,-18.18181818,74,116,56.75675676,0.906996127,1.416032911,56.12336906,8,15,87.5,25,29,16,0.30641761,0.354008228,15.53129311,6,18,200,2,24,1100,0.024513409,0.292972326,1095.151308,0,0,0,2,0,-100,,0,,,0,,,1,0,-100,15,5,-66.66666667,82000,,,1,1
37029,NC,Camden,0,6,,0,10,0,0.012266678,0,6,,0,0.598086124,,0,0,0,0,0,0,0,0,0,0,0,0,0,0,0,0,0,0,0,0,0,0,0,0,9,4,-55.55555556,3141,,,328.2131661,313.0980861,-4.605263158,8,3,-62.5,,,,,,,1,0,-100,,0,,,0,,1,1,0,,,,,,,0,0,0,0,0,,0,0,,0,0,,,0,0,,6,0,-100,10000,0,-100,0,0
37031,NC,Carteret,34,29,-14.70588235,21.3836478,23.2,4.136024875,1.431163762,838,418,-50.11933174,13.04117775,6.171654683,-52.67563406,2,2,0,0.029246608,0.028767044,-1.639725447,0,0,0,0,0,0,0,0,1,50,1,50,1,50,1,50,1,50,20,23,15,597,690,-13.47826087,9.290671979,8.8145403,-5.124835742,20,23,15,,,,,,,9,8,-11.11111111,37,10,-72.97297297,0.575803791,0.147647241,-74.35806371,10,6,-40,22,17,-22.72727273,0.342369822,0.25100031,-26.68737307,0,0,0,3,4,33.33333333,42584,48800,14.59703175,662.7034766,720.5185371,8.724122106,1,0,2,,5,2,-60,5000,,,1,0
37033,NC,Caswell,43,60,39.53488372,7.651245552,11.04972376,1.869294305,1.182723476,387,405,4.651162791,16.18298904,17.47799068,8.002240073,0,1,,0,0.044056743,,1,100,0,0,0,0,0,0,1,100,1,100,1,100,1,100,1,100,55,42,-23.63636364,233,143,62.93706294,9.743246634,10.05523908,3.202140514,53,37,-30.18867925,225,118,-47.55555556,9.408714561,5.09235284,-45.87621075,8,14,75,23,42,82.60869565,0.961779711,1.812532367,88.45608268,7,13,85.71428571,13,15,15.38461538,0.543614619,0.647332988,19.0793929,0,0,0,1,3,200,,,,,,,,3,9,200,18,17,-5.555555556,56000,77000,37.5,1,1
37035,NC,Catawba,45,41,-8.888888889,6.105834464,5.873925501,0.406277645,0.123313722,124,83,-33.06451613,0.813392107,0.537220306,-33.95309584,6,7,16.66666603,0.038706683,0.044121727,13.98994827,1,14.28571415,3,42.8571434,0,0,3,42.8571434,5,71.42857361,7,100,7,100,6,85.7142868,7,100,25,19,-24,148,294,-49.65986395,0.970822838,0.957935003,-1.327516683,24,19,-20.83333333,147,294,100,0.964263224,1.902924938,97.34496663,6,14,133.3333333,20,51,155,0.131192275,0.330099224,151.6148325,11,17,54.54545455,29,23,-20.68965517,0.190228799,0.148868277,-21.74251323,2,2,0,0,1,,0,,,0,,,,6,0,-100,2,6,200,,56000,,1,1
37037,NC,Chatham,81,119,46.91358025,7.438016529,10.456942,0.376130283,0.387410087,646,635,-1.702786378,10.75698538,9.654564252,-10.2484208,3,4,33.33333206,0.04598124,0.054690383,18.94064522,0,0,0,0,0,0,0,0,2,50,2,50,2,50,2,50,2,50,47,65,38.29787234,278,131,112.2137405,4.629167083,4.226722618,-8.693669038,47,64,36.17021277,274,121,-55.83941606,4.562560362,1.839688621,-59.67859107,23,42,82.60869565,22,61,177.2727273,0.366336963,0.92744633,153.167554,21,27,28.57142857,32,42,31.25,0.532853765,0.638569604,19.83955939,2,1,-50,6,7,16.66666667,22000,29580,34.45454545,366.3369634,449.7354497,22.76551227,,17,15,-11.76470588,12,35,191.6666667,,167000,,1,0
37039,NC,Cherokee,18,19,5.555555556,6.25,7.450980392,,,51,35,-31.37254902,1.864716636,1.297353399,-30.42624419,2,2,0,0.073749036,0.070464715,-4.453373909,1,50,0,0,0,0,0,0,1,50,1,50,1,50,1,50,1,50,14,15,7.142857143,136,1067,-87.25398313,4.972577697,5.041144636,1.378901327,14,13,-7.142857143,136,,,4.972577697,,,11,14,27.27272727,18,21,16.66666667,0.658135283,0.778412039,18.27538488,7,11,57.14285714,8,6,-25,0.29250457,0.22240344,-23.965824,1,1,0,1,4,300,,15210,,,563.79272,,,0,5,,0,17,,0,235000,,1,1
37041,NC,Chowan,15,16,6.666666667,7.894736842,11.34751773,0.170378484,0.22482078,70,159,127.1428571,4.681334849,10.79649623,130.6285831,2,1,-50,0.136351243,0.071280919,-47.72257614,1,100,1,100,0,0,1,100,1,100,1,100,1,100,1,100,1,100,61,34,-44.26229508,3755,2265,65.78366446,251.1201766,254.9738575,1.53459632,56,29,-48.21428571,2789,1869,-32.9867336,186.5177556,126.9097576,-31.95835048,3,4,33.33333333,,8,,,0.543219936,,4,2,-50,7,,,0.468133485,,,0,0,0,0,0,,0,0,,0,0,,,3,2,-33.33333333,1,0,-100,,0,,1,1
37043,NC,Clay,6,16,166.6666667,4.379562044,10.38961039,0.448833034,7.394587791,5,235,4600,0.482811896,22.03056154,4462.969907,1,1,0,0.094384141,0.089774668,-4.88373661,0,0,0,0,0,0,0,0,1,100,1,100,1,100,1,100,1,100,8,9,12.5,8,159,-94.96855346,0.772499034,0.749976563,-2.91553389,8,9,12.5,8,159,1887.5,0.772499034,14.90578419,1829.553764,4,2,-50,5,,,0.482811896,,,1,3,200,,6,,,0.562482422,,0,0,0,0,0,,0,0,,0,0,,,0,1,,0,2,,0,,,1,1
37045,NC,Cleveland,52,59,13.46153846,4.377104377,5.694980695,0.71380076,0.376560849,389,481,23.6503856,3.988761741,4.9363711,23.75698076,2,2,0,0.020645374,0.020482359,-0.789595664,1,50,0,0,0,0,0,0,2,100,2,100,2,100,2,100,2,100,52,45,-13.46153846,671,165,306.6666667,6.880357656,6.886288998,0.086206897,52,45,-13.46153846,,,,,,,18,24,33.33333333,294,297,1.020408163,3.01464255,3.048029557,1.107494722,16,24,50,54,75,38.88888889,0.553709856,0.769704433,39.00862069,1,1,0,8,4,-50,13640,,,139.8630081,,,,9,11,22.22222222,5,17,240,117000,109000,-6.837606838,1,1
37047,NC,Columbus,42,32,-23.80952381,5.405405405,4.377564979,0.101836595,0.06666056,144,131,-9.027777778,2.573082696,2.275411658,-11.56865413,2,2,0,0.035044067,0.035935674,2.544245958,0,0,1,50,0,0,1,50,1,50,1,50,1,50,1,50,1,50,69,33,-52.17391304,2606,3048,-14.50131234,46.56564935,45.2650594,-2.793024387,64,26,-59.375,2289,2650,15.77107907,40.90129369,46.02931981,12.5375646,18,29,61.11111111,107,205,91.58878505,1.911943392,3.560758702,86.23766356,21,19,-9.523809524,132,78,-40.90909091,2.358659138,1.354825262,-42.55951441,0,0,0,2,1,-50,,,,,,,,4,7,75,2,2,0,,,,1,1
37049,NC,Craven,20,17,-15,6.993006993,6.640625,0.110827446,0.390948726,56,217,287.5,0.572450805,2.060250458,259.9000019,1,2,100,0.009587544,0.01943408,102.7013321,1,50,0,0,0,0,0,0,2,100,2,100,1,50,1,50,2,100,21,15,-28.57142857,68,52,30.76923077,0.695118835,0.645608438,-7.122580155,18,15,-16.66666667,66,,,0.674674163,,,3,0,-100,2,0,-100,0.020444672,0,-100,7,5,-28.57142857,52,150,188.4615385,0.531561462,1.424136261,167.9156342,0,0,0,0,4,,0,24404,,0,231.6974755,,,1,2,100,3,5,66.66666667,,36000,,1,1
37051,NC,Cumberland,39,37,-5.128205128,7.8,9.511568123,0.192612486,0.217578013,175,228,30.28571429,0.567658393,0.70556998,24.29482038,1,1,0,0.003003147,0.003009057,0.196799308,0,0,0,0,0,0,0,0,1,100,1,100,0,0,1,100,0,0,57,23,-59.64912281,2485,1820,36.53846154,8.060749179,7.690093859,-4.598273829,55,23,-58.18181818,1543,,,5.005125144,,,18,24,33.33333333,63,110,74.6031746,0.204357021,0.340406569,66.57444252,9,8,-11.11111111,23,14,-39.13043478,0.074606532,0.043324472,-41.92938407,2,2,0,1,2,100,,,,,,,,2,1,-50,5,4,-20,,17000,,0,1
37053,NC,Currituck,11,15,36.36363636,13.75,18.29268293,1.984807645,1.066707892,243,276,13.58024691,10.46691937,11.48468708,9.723660634,0,0,0,0,0,0,0,0,0,0,0,0,0,0,0,0,0,0,0,0,0,0,0,0,17,15,-11.76470588,437,117,273.5042735,18.82322536,18.18408788,-3.395472703,17,15,-11.76470588,,117,,,4.868508655,,7,9,28.57142857,67,97,44.7761194,2.885940731,4.036284953,39.86028579,4,8,100,12,10,-16.66666667,0.516884907,0.416111851,-19.49622725,0,0,0,0,0,,0,0,,0,0,,,0,1,,2,3,50,,,,1,0
37055,NC,Dare,0,0,,0,0,0,0,0,0,,0,0,,2,2,0,0.057454754,0.054793019,-4.632749557,0,0,0,0,0,0,0,0,1,50,1,50,1,50,0,0,1,50,0,0,,0,0,,0,0,,0,0,,0,0,,0,0,,0,0,,0,0,,0,0,,0,0,,0,0,,0,0,,0,0,0,0,0,,0,0,,0,0,,,0,0,,0,0,,0,0,,0,1
37057,NC,Davidson,123,103,-16.2601626,11.45251397,9.698681733,0.673335898,0.525641026,245,287,17.14285714,1.539660395,1.755179921,13.99786128,3,3,0,0.018368283,0.01800569,-1.974020481,0,0,0,0,0,0,0,0,0,0,0,0,0,0,0,0,0,0,137,113,-17.51824818,535,409,30.80684597,3.362115556,3.271851073,-2.684752562,135,113,-16.2962963,473,405,-14.37632135,2.972487211,2.47682184,-16.67510526,19,35,84.21052632,121,248,104.9586777,0.760403705,1.516671151,99.45604433,22,28,27.27272727,23,27,17.39130435,0.144539547,0.165121456,14.2396383,0,0,0,3,6,100,,33000,,,201.8151129,,,16,12,-25,15,20,33.33333333,,775000,,1,1
37059,NC,Davie,52,47,-9.615384615,8.293460925,7.34375,0.590034965,0.417981073,108,106,-1.851851852,2.682563338,2.565033273,-4.381259663,2,3,50,0.048261385,0.070203356,45.46485901,0,0,0,0,0,0,0,0,2,66.66666412,3,100,3,100,3,100,3,100,27,24,-11.11111111,41,48,-14.58333333,1.018380527,0.992135511,-2.577132486,27,24,-11.11111111,41,,,1.018380527,,,13,23,76.92307692,74,101,36.48648649,1.838052658,2.444041137,32.9690489,7,15,114.2857143,8,22,175,0.198708395,0.532365396,167.9128857,1,1,0,2,1,-50,,,,,,,,1,9,800,8,15,87.5,,109000,,1,1
37061,NC,Duplin,35,40,14.28571429,3.019844694,4.255319149,0.047352993,0.027655452,557,353,-36.62477558,10.01618414,5.923315714,-40.86255173,0,0,0,0,0,0,0,0,0,0,0,0,0,0,0,0,0,0,0,0,0,0,0,0,73,37,-49.31506849,2968,4824,-38.47429519,53.37169574,49.80283581,-6.686802584,65,30,-53.84615385,2500,4005,60.2,44.95594318,67.20362447,49.48774226,20,34,70,123,214,73.98373984,2.211832404,3.590905277,62.34979063,6,15,150,194,181,-6.701030928,3.48858119,3.037167548,-12.9397488,2,2,0,0,2,,0,,,0,,,,3,10,233.3333333,6,11,83.33333333,,,,0,1
37063,NC,Durham,33,41,24.24242424,13.63636364,17.67241379,,1.223404255,184,115,-37.5,0.727859618,0.406915439,-44.09424162,4,6,50,0.013852382,0.018943042,36.74934387,2,33.33333206,1,16.66666603,0,0,1,16.66666603,5,83.33333588,6,100,5,83.33333588,3,50,3,50,32,35,9.375,82,55,49.09090909,0.324372221,0.2901484,-10.55078659,32,35,9.375,,,,,,,9,7,-22.22222222,19,22,15.78947368,0.075159417,0.077844693,3.572773428,7,11,57.14285714,16,19,18.75,0.063292141,0.067229507,6.22094093,0,0,0,1,2,100,,,,,,,2,3,8,166.6666667,5,15,200,,230000,,1,1
37065,NC,Edgecombe,29,17,-41.37931034,9.666666667,6.25,0.157174683,0.035250987,230,55,-76.08695652,4.113680671,0.986812595,-76.01144391,1,1,0,0.018039145,0.01922892,6.595521927,0,0,1,100,0,0,0,0,0,0,1,100,1,100,1,100,1,100,29,17,-41.37931034,4729,2821,67.63559022,84.58085171,84.84794115,0.315780031,26,14,-46.15384615,2596,1196,-53.92912173,46.43093488,21.45868844,-53.78363909,4,4,0,11,1,-90.90909091,0.196741249,0.017942047,-90.88038363,2,4,100,,,,,,,0,0,0,0,0,,0,0,,0,0,,,2,2,0,6,8,33.33333333,92000,45000,-51.08695652,0,0
37067,NC,Forsyth,78,113,44.87179487,11.47058824,17.0694864,0.924300924,3.330433702,158,536,239.2405063,0.466574927,1.497545534,220.9657117,3,7,133.3333282,0.008318152,0.018464833,121.9823914,1,14.28571415,1,14.28571415,0,0,0,0,5,71.42857361,5,71.42857361,5,71.42857361,5,71.42857361,5,71.42857361,75,65,-13.33333333,278,266,4.511278195,0.82093563,0.776712049,-5.38697303,73,61,-16.43835616,272,235,-13.60294118,0.803217595,0.656573135,-18.25712743,29,21,-27.5862069,74,77,4.054054054,0.218522434,0.215132474,-1.551309775,24,35,45.83333333,47,76,61.70212766,0.138791276,0.212338546,52.99127765,0,0,0,4,6,50,7200,10800,50,21.26164223,30.17442494,41.91954045,,0,12,,11,21,90.90909091,418000,1175000,181.1004785,1,0
37069,NC,Franklin,47,64,36.17021277,7.925801012,11.80811808,0.875860778,0.640750242,421,522,23.99049881,7.3634869,8.475952327,15.10786184,1,1,0,0.016112141,0.014801658,-8.133515358,0,0,0,0,0,0,0,0,1,100,0,0,0,0,0,0,0,0,46,29,-36.95652174,500,487,2.669404517,8.745233848,8.118728282,-7.163965836,38,23,-39.47368421,126,130,3.174603175,2.20379893,2.110869353,-4.216790149,19,17,-10.52631579,54,44,-18.51851852,0.944485256,0.714448089,-24.35582401,9,6,-33.33333333,12,18,50,0.209885612,0.292274218,39.25405125,0,0,0,2,2,0,,,,,,,,13,24,84.61538462,8,12,50,,139000,,1,1
37071,NC,Gaston,47,63,34.04255319,9.108527132,12.11538462,1.31895553,1.642036125,148,280,89.18918919,0.738607724,1.345112677,82.1146236,5,5,0,0.023897376,0.022437019,-6.110949993,0,0,1,20,0,0,0,0,3,60,3,60,3,60,3,60,3,60,29,33,13.79310345,139,88,57.95454545,0.69369239,0.667752365,-3.739413243,29,33,13.79310345,,,,,,,21,11,-47.61904762,53,39,-26.41509434,0.264501415,0.18735498,-29.16673805,8,6,-25,28,,,0.139736597,,,0,0,0,0,2,,0,,,0,,,,9,3,-66.66666667,5,10,100,56000,38000,-32.14285714,1,1
37073,NC,Gates,5,8,60,2.762430939,4.395604396,,0.014966251,,10,,,0.839560071,,0,0,0,0,0,0,0,0,0,0,0,0,0,0,0,0,0,0,0,0,0,0,0,0,2,6,200,,45,,,,,2,5,150,,,,,,,2,1,-50,,,,,,,0,3,,0,2,,0,0.167912014,,0,0,0,0,0,,0,0,,0,0,,,0,0,,1,4,300,,,,0,0
37075,NC,Graham,9,10,11.11111111,7.142857143,9.345794393,4.795486601,1.57987127,68,27,-60.29411765,7.922637772,3.101665709,-60.85059297,1,1,0,0.114652604,0.11786893,2.805279732,0,0,0,0,0,0,0,0,1,100,1,100,1,100,1,100,1,100,7,8,14.28571429,10,18,-44.44444444,1.16509379,1.148765078,-1.401493395,7,8,14.28571429,10,18,80,1.16509379,2.06777714,77.47731189,8,9,12.5,12,28,133.3333333,1.398112548,3.216542217,130.0631821,3,7,133.3333333,,9,,,1.03388857,,0,0,0,0,0,,0,0,,0,0,,,2,0,-100,1,10,900,,170000,,1,
37077,NC,Granville,35,54,54.28571429,5.200594354,9.168081494,1.539318447,0.613093935,304,140,-53.94736842,5.300230142,2.422899865,-54.2868932,3,3,0,0.051939957,0.04990435,-3.919153452,0,0,0,0,0,0,0,0,1,33.33333206,1,33.33333206,1,33.33333206,1,33.33333206,1,33.33333206,39,35,-10.25641026,442,206,114.5631068,7.706255666,7.649441002,-0.737253816,39,35,-10.25641026,427,,,7.444731153,,,12,19,58.33333333,49,47,-4.081632653,0.854313411,0.813402098,-4.788794477,12,26,116.6666667,24,28,16.66666667,0.418439222,0.484579973,15.80653721,0,0,0,2,1,-50,,,,,,,,9,3,-66.66666667,14,16,14.28571429,11000,32000,190.9090909,1,1
37079,NC,Greene,21,14,-33.33333333,7.191780822,5.384615385,0.354027373,0.095993459,709,263,-62.90550071,33.47813769,12.29949025,-63.26112772,1,1,0,0.047582794,0.047591854,0.019040298,1,100,0,0,0,0,0,0,1,100,1,100,1,100,0,0,1,100,23,19,-17.39130435,2237,,,105.6284824,104.6158163,-0.958705514,22,18,-18.18181818,,,,,,,2,1,-50,,,,,,,1,1,0,,,,,,,1,1,0,0,0,,0,0,,0,0,,,2,0,-100,2,7,250,,27000,,1,0
37081,NC,Guilford,88,93,5.681818182,9.138110073,9.667359667,1.586318007,0.895173622,768,521,-32.16145833,1.639393254,1.039859968,-36.57043752,3,4,33.33333206,0.005924159,0.007495269,26.52038956,3,75,2,50,1,25,2,50,3,75,3,75,3,75,3,75,3,75,80,52,-35,380,278,36.69064748,0.81115812,0.758439132,-6.499224596,78,51,-34.61538462,,,,,,,45,43,-4.444444444,106,78,-26.41509434,0.226270423,0.155679611,-31.19754263,39,43,10.25641026,118,79,-33.05084746,0.251885943,0.157675504,-37.40202325,3,3,0,5,7,40,,10960,,,21.87498129,,,6,12,100,19,38,100,119000,685000,475.6302521,1,1
37083,NC,Halifax,8,24,200,2.191780822,7.038123167,0.081932291,0.101334497,75,130,73.33333333,1.348532796,2.410666271,78.76215378,1,1,0,0.018801233,0.019773006,5.168669701,0,0,0,0,0,0,0,0,0,0,0,0,0,0,0,0,0,0,20,18,-10,1063,1361,-21.89566495,19.11320483,19.71183266,3.132011794,17,15,-11.76470588,,614,,,11.38576223,,4,6,50,16,21,31.25,0.287686997,0.389415321,35.36076548,4,4,0,6,9,50,0.107882624,0.16689228,54.69801769,0,0,0,0,0,,0,0,,0,0,,,1,0,-100,16,18,12.5,40000,86000,115,1,1
37085,NC,Harnett,56,66,17.85714286,7.702888583,8.281053952,0.211044274,0.233353831,374,444,18.71657754,3.535974284,3.632288096,2.723826717,3,3,0,0.023993857,0.022352362,-6.841314316,0,0,0,0,0,0,0,0,0,0,1,33.33333206,0,0,1,33.33333206,1,33.33333206,51,55,7.843137255,1599,1865,-14.26273458,15.11770823,13.08114564,-13.47137119,51,53,3.921568627,1451,1535,5.789110958,13.71844568,12.55757258,-8.462132856,26,14,-46.15384615,55,30,-45.45454545,0.519996218,0.245424871,-52.8025661,12,24,100,40,79,97.5,0.378179068,0.646285495,70.8940419,1,1,0,7,4,-42.85714286,35986,24500,-31.9179681,340.2287983,200.4303116,-41.08955133,,7,5,-28.57142857,7,24,242.8571429,78000,659000,744.8717949,0,
37087,NC,Haywood,53,67,26.41509434,7.496463932,11.22278057,1.320791186,3.780530973,205,534,160.4878049,3.511115678,9.084568143,158.7373637,4,4,0,0.067835703,0.064546317,-4.849049091,1,25,0,0,1,25,1,25,2,50,2,50,2,50,2,50,2,50,61,47,-22.95081967,432,449,-3.786191537,7.399034015,7.349313554,-0.671985846,54,47,-12.96296296,383,446,16.44908616,6.559791731,7.587485752,15.66656479,11,6,-45.45454545,77,56,-27.27272727,1.318809304,0.952688794,-27.76144425,13,15,15.38461538,10,12,20,0.171273936,0.204147599,19.19361699,0,0,0,2,3,50,,10200,,,173.5254589,,,6,3,-50,12,7,-41.66666667,905000,100000,-88.95027624,1,1
37089,NC,Henderson,84,104,23.80952381,15.08078995,22.22222222,0.949859607,3.274526609,592,2025,242.0608108,5.788598807,18.73594804,223.6698321,4,4,0,0.036736004,0.03426183,-6.735011101,1,25,0,0,0,0,0,0,2,50,2,50,3,75,2,50,2,50,74,74,0,1817,1583,14.78205938,17.766696,16.81146547,-5.376523163,72,71,-1.388888889,,1563,,,14.46137619,,131,106,-19.08396947,5718,4004,-29.97551591,55.91082429,37.04628936,-33.74039852,30,43,43.33333333,44,108,145.4545455,0.430233695,0.999250562,132.257625,0,0,0,5,12,140,5400,49244,811.9259259,52.80140804,455.621247,762.8960173,,7,9,28.57142857,9,18,100,52000,507000,875,1,1
37091,NC,Hertford,1,10,900,0.613496933,6.172839506,,0.030743585,,45,,,1.844640295,,0,0,0,0,0,0,0,0,0,0,0,0,0,0,0,0,0,0,0,0,0,0,0,0,12,18,50,850,811,4.808877928,35.0660066,34.84320557,-0.635376102,7,18,157.1428571,341,758,122.28739,14.06765677,31.07194097,120.8750291,2,4,100,,9,,,0.368928059,,1,5,400,,10,,,0.409920066,,0,0,0,0,0,,0,0,,0,0,,,2,0,-100,7,5,-28.57142857,28000,20000,-28.57142857,1,1
37093,NC,Hoke,17,7,-58.82352941,6.827309237,3.465346535,0.238645686,0.007229612,160,7,-95.625,3.765060241,0.138718243,-96.31564345,1,1,0,0.019548049,0.018260172,-6.588266373,0,0,0,0,0,0,0,0,1,100,0,0,0,0,0,0,0,0,10,1,-90,72,,,1.694277108,1.426816218,-15.7861361,10,1,-90,72,,,1.694277108,,,8,5,-37.5,60,11,-81.66666667,1.41189759,0.217985811,-84.56079162,3,2,-33.33333333,,,,,,,0,0,0,0,0,,0,0,,0,0,,,0,0,,0,6,,0,,,1,1
37095,NC,Hyde,3,5,66.66666667,1.704545455,3.164556962,0.042538835,0.040476422,29,54,86.20689655,5.142755808,9.419152276,83.15379202,0,0,0,0,0,0,0,0,0,0,0,0,0,0,0,0,0,0,0,0,0,0,0,0,14,11,-21.42857143,6474,4001,61.80954761,1148.0759,1129.251701,-1.639630211,10,9,-10,5067,3441,-32.08999408,898.5635751,600.2093145,-33.20346705,2,7,250,,7,,,1.221001221,,1,4,300,,7,,,1.221001221,,0,0,0,0,0,,0,0,,0,0,,,2,0,-100,12,8,-33.33333333,601000,,,1,1
37097,NC,Iredell,73,62,-15.06849315,6.07826811,5.153782211,0.43887254,0.468878068,516,778,50.7751938,3.395987996,4.779633111,40.74352198,6,8,33.33333206,0.036455993,0.044834252,22.98184586,0,0,0,0,0,0,2,25,6,75,3,37.5,3,37.5,3,37.5,3,37.5,55,36,-34.54545455,283,144,96.52777778,1.8625283,1.738606903,-6.653396734,55,34,-38.18181818,274,134,-51.09489051,1.803295951,0.823227297,-54.34874147,28,21,-25,121,90,-25.61983471,0.796346022,0.552913856,-30.5686422,12,25,108.3333333,24,43,79.16666667,0.15795293,0.264169953,67.24599752,2,2,0,1,5,400,,6160,,,37.8438817,,,5,5,0,14,39,178.5714286,,392000,,1,1
37099,NC,Jackson,17,27,58.82352941,7.423580786,11.02040816,,0.91374269,39,75,92.30769231,1.015519217,1.848884506,82.06297585,3,4,33.33333206,0.073199295,0.092321187,26.12305641,2,50,0,0,0,0,0,0,3,75,3,75,3,75,3,75,3,75,22,18,-18.18181818,217,149,45.63758389,5.650453078,5.349439172,-5.327252558,17,14,-17.64705882,211,,,5.494219352,,,3,4,33.33333333,2,6,200,0.052077909,0.147910761,184.0182423,8,10,25,,95,,,2.341920375,,0,0,0,4,3,-25,34000,,,885.3244454,,,,3,7,133.3333333,7,12,71.42857143,439000,452000,2.961275626,1,1
37101,NC,Johnston,108,99,-8.333333333,8.674698795,8.425531915,0.169004646,0.31224192,343,828,141.3994169,2.203025145,4.736516944,115.0005847,3,3,0,0.016924674,0.014802023,-12.54175377,0,0,0,0,0,0,0,0,2,66.66666412,2,66.66666412,2,66.66666412,2,66.66666412,2,66.66666412,142,122,-14.08450704,10191,13134,-22.40749201,65.45489579,58.29691326,-10.93574812,128,110,-14.0625,8032,9930,23.63047809,51.58804072,56.80388074,10.11056041,26,32,23.07692308,158,202,27.84810127,1.014804586,1.155527081,13.86695494,26,16,-38.46153846,33,27,-18.18181818,0.211952857,0.154451639,-27.12924846,3,4,33.33333333,7,6,-14.28571429,5380,105955,1869.423792,34.55473843,606.1082763,1654.052567,,7,11,57.14285714,8,10,25,44000,191000,334.0909091,1,1
37103,NC,Jones,4,17,325,2.51572327,10,,0.05388773,,100,,,9.730466089,,0,0,0,0,0,0,0,0,0,0,0,0,0,0,0,0,0,0,0,0,0,0,0,0,3,8,166.6666667,,60,,,,,3,6,100,,,,,,,7,9,28.57142857,43,42,-2.325581395,4.285002491,4.086795758,-4.625592031,2,1,-50,,,,,,,0,0,0,1,1,0,,,,,,,,0,2,,3,6,100,,16000,,1,1
37105,NC,Lee,38,21,-44.73684211,13.97058824,8.536585366,0.298887122,0.28203062,94,98,4.255319149,1.737330425,1.650804346,-4.980404314,0,0,0,0,0,0,0,0,0,0,0,0,0,0,0,0,0,0,0,0,0,0,0,0,35,18,-48.57142857,146,81,80.24691358,2.698406831,2.459361577,-8.858755159,34,18,-47.05882353,,81,,,1.364440327,,8,19,137.5,21,33,57.14285714,0.38812701,0.555883096,43.22195618,13,16,23.07692308,35,37,5.714285714,0.64687835,0.623262865,-3.650684025,0,0,0,1,2,100,,,,,,,,2,4,100,0,5,,0,6000,,1,0
37107,NC,Lenoir,16,18,12.5,3.333333333,4.488778055,0.051207177,,121,,,2.048347779,,,1,1,0,0.017025044,0.017864799,4.932468414,1,100,0,0,0,0,0,0,0,0,1,100,1,100,1,100,1,100,26,12,-53.84615385,1074,1269,-15.36643026,18.1812026,18.15968347,-0.118359203,25,9,-64,832,1176,41.34615385,14.08450704,19.88434615,41.17885766,14,21,50,161,300,86.33540373,2.725487541,5.072537283,86.11485863,2,3,50,,,,,,,0,0,0,0,0,,0,0,,0,0,,,1,2,100,2,3,50,,1000,,1,1
37109,NC,Lincoln,46,69,50,7.210031348,10.59907834,1.070160284,0.403811413,223,228,2.242152466,3.007863608,2.887428289,-4.004015277,3,3,0,0.037935786,0.035812344,-5.597463131,2,66.66666412,0,0,0,0,0,0,3,100,3,100,3,100,2,66.66666412,3,100,44,41,-6.818181818,476,170,180,6.420372543,6.028139762,-6.10919038,44,41,-6.818181818,476,163,-65.75630252,6.420372543,2.064257944,-67.84831519,19,15,-21.05263158,163,52,-68.09815951,2.198572951,0.658536276,-70.04710368,7,13,85.71428571,30,27,-10,0.404645328,0.341932297,-15.49827134,1,1,0,2,2,0,,,,,,,,1,10,900,3,15,400,,110000,,1,0
37111,NC,McDowell,21,30,42.85714286,5.483028721,8.982035928,0.241793369,0.182677416,59,46,-22.03389831,1.330476942,1.022926905,-23.11577354,1,1,0,0.022206925,0.021974642,-1.045993686,1,100,0,0,0,0,0,0,1,100,1,100,1,100,1,100,1,100,18,26,44.44444444,90,39,130.7692308,2.029541098,2.001378728,-1.387622584,15,26,73.33333333,85,38,-55.29411765,1.916788815,0.845026574,-55.91446657,11,16,45.45454545,57,70,22.80701754,1.285376029,1.556627899,21.10291963,4,6,50,8,9,12.5,0.180403653,0.200137873,10.93892459,1,1,0,0,4,,0,,,0,,,,8,3,-62.5,8,3,-62.5,,,,0,0
37113,NC,Macon,44,37,-15.90909091,12.71676301,11.34969325,2.988012167,4.185881518,167,236,41.31736527,5.03558075,6.974819719,38.51073123,1,1,0,0.029642804,0.028340654,-4.392800331,0,0,0,0,0,0,0,0,1,100,1,100,1,100,1,100,1,100,34,21,-38.23529412,160,113,41.59292035,4.824508503,4.728691335,-1.986050361,32,21,-34.375,154,101,-34.41558442,4.643589434,2.984986405,-35.71812394,16,11,-31.25,39,43,10.25641026,1.175973948,1.270835796,8.066662423,14,12,-14.28571429,17,27,58.82352941,0.512604028,0.797966663,55.66921413,0,0,0,0,0,,0,0,,0,0,,,3,5,66.66666667,2,15,650,,212000,,1,1
37115,NC,Madison,66,111,68.18181818,8.239700375,15.43810848,4.453492811,9.200283086,350,520,48.57142857,17.14005877,24.90660025,45.31222202,3,3,0,0.14185068,0.137848645,-2.821300983,0,0,0,0,0,0,0,0,1,33.33333206,1,33.33333206,1,33.33333206,1,33.33333206,1,33.33333206,91,105,15.38461538,201,183,9.836065574,9.843290891,9.627358942,-2.193696714,87,99,13.79310345,186,172,-7.52688172,9.108716944,8.238337005,-9.555461478,26,33,26.92307692,78,36,-53.84615385,3.819784525,1.724303094,-54.85862925,36,53,47.22222222,27,37,37.03703704,1.322233105,1.772200402,34.03086006,0,0,0,9,13,44.44444444,13900,43419,212.3669065,680.705191,2079.653223,205.5145239,,6,15,150,10,16,60,,130000,,1,
37117,NC,Martin,9,10,11.11111111,2.8125,2.801120448,0.048935206,0.019931833,27,20,-25.92592593,1.106965684,0.837100285,-24.37884059,1,2,100,0.042306554,0.088218428,108.5218964,0,0,0,0,0,0,0,0,1,50,1,50,1,50,1,50,1,50,16,10,-37.5,,,,,,,16,10,-37.5,,,,,,,1,2,100,,,,,,,1,0,-100,,0,,,0,,0,0,0,0,0,,0,0,,0,0,,,3,5,66.66666667,2,1,-50,,,,1,1
37119,NC,Mecklenburg,30,38,26.66666667,12.71186441,16.03375527,,,221,95,-57.01357466,0.256327877,0.098097122,-61.72982685,13,16,23.07692337,0.013120909,0.014626552,11.47514343,2,12.5,0,0,0,0,0,0,12,75,9,56.25,8,50,8,50,8,50,22,25,13.63636364,177,108,63.88888889,0.205294273,0.182770428,-10.97149194,22,23,4.545454545,,81,,,0.083640704,,0,4,,0,2,,0,0.002065203,,6,12,100,4,14,250,0.004639419,0.014456418,211.5997782,0,0,0,0,0,,0,0,,0,0,,,3,1,-66.66666667,6,8,33.33333333,150000,,,1,1
37121,NC,Mitchell,16,38,137.5,5.095541401,13.28671329,0.784753363,5.383688228,28,134,378.5714286,1.778229392,8.715447154,390.1193961,2,2,0,0.130932897,0.13333334,1.833338261,0,0,0,0,0,0,0,0,1,50,1,50,1,50,1,50,1,50,24,30,25,55,52,5.769230769,3.492950591,3.577235772,2.41300813,17,26,52.94117647,42,45,7.142857143,2.667344087,2.926829268,9.728222997,13,12,-7.692307692,71,58,-18.30985915,4.509081672,3.772357724,-16.33866941,6,10,66.66666667,4,27,575,0.25403277,1.756097561,591.2878049,0,0,0,0,0,,0,0,,0,0,,,8,0,-100,2,7,250,,16000,,1,1
37123,NC,Montgomery,24,35,45.83333333,8.30449827,14,0.477744116,0.54302047,451,664,47.22838137,16.40596581,24.01186128,46.36054692,2,2,0,0.072849132,0.07333798,0.671040952,0,0,0,0,0,0,0,0,1,50,1,50,1,50,1,50,1,50,28,24,-14.28571429,213,305,-30.16393443,7.748272099,7.70260008,-0.5894478,28,21,-25,213,290,36.15023474,7.748272099,10.48710809,35.34770018,23,18,-21.73913043,258,136,-47.28682171,9.385230993,4.91809207,-47.59753837,3,4,33.33333333,21,20,-4.761904762,0.763914151,0.723248834,-5.323283619,0,1,,0,2,,0,,,0,,,,1,8,700,6,13,116.6666667,196000,14000,-92.85714286,1,1
37125,NC,Moore,42,79,88.0952381,5.223880597,11.00278552,0.142860235,0.41804939,198,679,242.9292929,2.33504334,7.51546814,221.8556166,3,3,0,0.032833893,0.03040068,-7.410673141,0,0,0,0,0,0,0,0,2,66.66666412,2,66.66666412,2,66.66666412,2,66.66666412,2,66.66666412,34,32,-5.882352941,218,164,32.92682927,2.570906303,2.412919079,-6.145195745,34,32,-5.882352941,,,,,,,19,26,36.84210526,213,269,26.29107981,2.511940563,2.977409322,18.53024575,15,17,13.33333333,16,37,131.25,0.188690371,0.409532137,117.0392348,1,1,0,0,5,,0,30483,,0,337.3991389,,,2,11,450,5,17,240,10000,31000,210,1,1
37127,NC,Nash,43,37,-13.95348837,8.829568789,8.604651163,0.374386691,0.770269757,541,1420,162.4768946,5.771713271,14.90735394,158.2829958,1,1,0,0.010590079,0.010636487,0.438219607,0,0,1,100,0,0,1,100,1,100,1,100,1,100,1,100,1,100,68,52,-23.52941176,10619,11767,-9.756097561,113.2898766,111.4797124,-1.597816388,53,41,-22.64150943,6581,7422,12.77921289,70.21006476,77.9171697,10.97720814,6,5,-16.66666667,20,29,45,0.213372025,0.304445961,42.68316624,17,7,-58.82352941,32,15,-53.125,0.34139524,0.157472049,-53.87397643,2,1,-50,9,3,-66.66666667,164300,38090,-76.81679854,1752.851184,399.8740224,-77.18722353,,2,0,-100,5,5,0,113000,,,1,1
37129,NC,New Hanover,9,9,0,12.32876712,18,0.206718346,0.317578928,12,17,41.66666667,0.061747771,0.081254571,31.59109992,2,4,100,0.009392405,0.017221041,83.35070801,0,0,0,0,0,0,0,0,4,100,4,100,4,100,4,100,4,100,10,9,-10,24,46,-47.82608696,0.123495541,0.114712335,-7.112164765,10,9,-10,24,46,91.66666667,0.123495541,0.219865309,78.03501753,2,2,0,,,,,,,2,1,-50,,,,,,,0,0,0,0,0,,0,0,,0,0,,1,4,4,0,2,1,-50,,,,1,1
37131,NC,Northampton,6,8,33.33333333,1.764705882,2.507836991,0.063380426,0.012785223,62,17,-72.58064516,2.781142063,0.79800967,-71.30640391,0,0,0,0,0,0,0,0,0,0,0,0,0,0,0,0,0,0,0,0,0,0,0,0,3,5,66.66666667,80,75,6.666666667,3.588570403,3.755339624,4.647232784,3,5,66.66666667,80,75,-6.25,3.588570403,3.520630897,-1.893219265,0,0,,0,0,,0,0,,2,2,0,,,,,,,0,0,0,0,0,,0,0,,0,0,,,2,0,-100,2,7,250,,,,1,1
37133,NC,Onslow,28,30,7.142857143,6.982543641,8.645533141,0.066643614,0.06766044,106,127,19.81132075,0.649287009,0.691085003,6.437522004,2,3,50,0.010397659,0.015175812,45.95412827,1,33.33333206,2,66.66666412,1,33.33333206,3,100,3,100,3,100,2,66.66666412,3,100,3,100,18,14,-22.22222222,150,239,-37.23849372,0.918802372,0.81624213,-11.16238321,18,14,-22.22222222,,,,,,,15,9,-40,42,33,-21.42857143,0.257264664,0.179573269,-30.19901538,6,9,50,21,24,14.28571429,0.128632332,0.130598741,1.528704904,0,0,0,0,0,,0,0,,0,0,,,3,0,-100,12,14,16.66666667,34000,125000,267.6470588,1,1
37135,NC,Orange,78,120,53.84615385,12.91390728,18.60465116,2.431989745,4.645085421,683,1422,108.1991215,5.369792363,10.32964798,92.3658734,6,6,0,0.043040372,0.041088291,-4.535467148,2,33.33333206,4,66.66666412,1,16.66666603,3,50,4,66.66666412,5,83.33333588,5,83.33333588,5,83.33333588,5,83.33333588,48,77,60.41666667,79,156,-49.35897436,0.621103363,0.573869332,-7.604858276,48,77,60.41666667,74,153,106.7567568,0.581793023,1.11141782,91.03319843,25,41,64,77,106,37.66233766,0.605379227,0.770001889,27.19331198,31,44,41.93548387,18,46,155.5555556,0.141517222,0.334151763,136.1209177,0,0,0,5,12,140,18500,57436,210.4648649,145.4482558,417.224797,186.8544519,,17,36,111.7647059,14,23,64.28571429,,123000,,1,1
37137,NC,Pamlico,12,12,0,14.11764706,15,0.125091662,0.025106003,29,9,-68.96551724,2.22854069,0.690554746,-69.01314171,1,1,0,0.077621669,0.078926601,1.68114388,0,0,0,0,0,0,0,0,0,0,1,100,1,100,1,100,1,100,2,4,100,,,,,,,2,3,50,,3,,,0.230184915,,7,8,14.28571429,88,57,-35.22727273,6.762468301,4.373513389,-35.32667076,1,7,600,,8,,,0.613826441,,0,0,0,0,0,,0,0,,0,0,,,0,0,,0,1,,0,,,1,1
37139,NC,Pasquotank,7,8,14.28571429,4.861111111,5.882352941,0.12956887,0.044911264,62,31,-50,1.548103573,0.765110941,-50.57753536,1,1,0,0.025283812,0.025227679,-0.222010329,0,0,0,0,0,0,0,0,0,0,0,0,0,0,0,0,0,0,28,25,-10.71428571,5985,5248,14.04344512,149.4419336,147.7157736,-1.155070711,25,22,-12,2558,2239,-12.47068022,63.8717571,55.26075474,-13.48170576,2,0,-100,,0,,,0,,2,0,-100,,0,,,0,,0,0,0,0,0,,0,0,,0,0,,,0,0,,0,2,,0,,,1,0
37141,NC,Pender,35,29,-17.14285714,9.803921569,8.656716418,0.996981782,0.065685986,1645,114,-93.06990881,33.44787621,2.116127116,-93.6733588,1,1,0,0.018252838,0.016086999,-11.86576557,0,0,0,0,0,0,0,0,1,100,1,100,1,100,1,100,1,100,22,25,13.63636364,546,291,87.62886598,11.10184827,10.13513514,-8.707677458,22,25,13.63636364,533,291,-45.40337711,10.83751855,5.401692902,-50.15747493,13,10,-23.07692308,71,,,1.443646937,,,17,14,-17.64705882,1981,743,-62.49369006,40.27978284,13.79195129,-65.75961855,1,1,0,3,4,33.33333333,4320,7844,81.57407407,87.83879954,145.6043956,65.76318936,1,2,4,100,8,3,-62.5,,,,0,1
37143,NC,Perquimans,7,9,28.57142857,4.093567251,4.864864865,0.184492645,0.105257831,111,104,-6.306306306,8.603984187,7.68321513,-10.70165911,1,0,,0.073346049,0,,0,0,0,0,0,0,0,0,0,0,0,0,0,0,0,0,0,0,11,5,-54.54545455,566,,,43.87256802,41.8144208,-4.691193853,11,5,-54.54545455,566,,,43.87256802,,,2,2,0,,,,,,,4,2,-50,10,,,0.775133711,,,0,0,0,0,0,,0,0,,0,0,,,0,3,,0,3,,0,2000,,1,1
37145,NC,Person,28,43,53.57142857,6.947890819,10.88607595,1.011043708,0.931071463,195,382,95.8974359,5.044495033,9.751614633,93.31200781,1,1,0,0.025479654,0.025311969,-0.65811187,0,0,0,0,0,0,0,0,1,100,1,100,1,100,1,100,1,100,28,32,14.28571429,81,55,47.27272727,2.095405629,2.067750747,-1.319786588,28,32,14.28571429,72,,,1.862582781,,,15,16,6.666666667,54,58,7.407407407,1.396937086,1.480611646,5.98985885,7,18,157.1428571,6,15,150,0.155215232,0.382916805,146.7005335,1,0,-100,2,11,450,,28100,,,717.3308146,,,1,10,900,5,13,160,3000,276000,9100,1,1
37147,NC,Pitt,32,24,-25,7.356321839,6.138107417,0.30158749,0.031494896,508,68,-86.61417323,3.225826936,0.393236335,-87.80975102,5,6,20,0.028672356,0.033349268,16.31157112,1,16.66666603,1,16.66666603,1,16.66666603,1,16.66666603,2,33.33333206,4,66.66666412,2,33.33333206,3,50,2,33.33333206,40,19,-52.5,756,1318,-42.64036419,4.800640085,4.371862784,-8.931669404,36,16,-55.55555556,433,145,-66.51270208,2.749572959,0.838518656,-69.50367682,10,8,-20,50,77,54,0.317502651,0.445282321,40.24522912,12,7,-41.66666667,22,13,-40.90909091,0.139701167,0.075177535,-46.18689556,0,0,0,2,0,-100,,0,,,0,,1,1,1,0,6,12,100,31000,,,0,1
37149,NC,Polk,22,31,40.90909091,7.1197411,10.68965517,,,28,49,75,1.389923058,2.419872586,74.10119018,4,2,-50,0.196155354,0.097035564,-50.53126907,2,100,0,0,0,0,0,0,2,100,2,100,2,100,2,100,2,100,18,16,-11.11111111,25,35,-28.57142857,1.24100273,1.234628871,-0.51360561,18,16,-11.11111111,,,,,,,22,24,9.090909091,407,181,-55.52825553,20.20352445,8.938713023,-55.7566649,10,14,40,11,12,9.090909091,0.546041201,0.592621858,8.530612062,0,0,0,2,3,50,,7080,,,349.6468961,,,4,9,125,3,0,-100,,0,,1,1
37151,NC,Randolph,85,74,-12.94117647,5.662891406,4.979811575,0.096639941,0.161595993,199,382,91.95979899,1.433149689,2.685073242,87.35469599,3,3,0,0.021078221,0.020927653,-0.714333415,0,0,0,0,0,0,0,0,1,33.33333206,1,33.33333206,1,33.33333206,1,33.33333206,0,0,47,42,-10.63829787,206,335,-38.50746269,1.483561989,1.447971434,-2.398993449,45,42,-6.666666667,204,332,62.74509804,1.469158475,2.333623865,58.8408538,22,26,18.18181818,73,454,521.9178082,0.525728278,3.191160345,506.9980407,7,20,185.7142857,8,21,162.5,0.057614058,0.147608738,156.2026422,1,2,100,2,5,150,,53010,,,372.6066297,,,7,0,-100,18,26,44.44444444,143000,126000,-11.88811189,1,
37153,NC,Richmond,10,21,110,3.597122302,7.581227437,0.037579269,0.04842615,48,80,66.66666667,1.034705756,1.725997843,66.81049982,1,1,0,0.021676457,0.022278165,2.775863647,1,100,0,0,0,0,0,0,1,100,1,100,1,100,1,100,1,100,19,19,0,625,405,54.32098765,13.47273119,13.48435814,0.086299892,19,19,0,622,,,13.40806208,,,11,10,-9.090909091,58,78,34.48275862,1.250269455,1.682847896,34.5988171,8,11,37.5,18,22,22.22222222,0.388014658,0.474649407,22.32769987,0,0,0,1,0,-100,,0,,,0,,,3,2,-33.33333333,1,7,600,,,,1,1
37155,NC,Robeson,70,58,-17.14285714,6.882989184,6.163655685,0.187034737,0.104241176,503,427,-15.10934394,3.855794807,3.154504218,-18.18796445,3,1,-66.66666412,0.0221992,0.007585469,-65.82998657,0,0,0,0,1,100,1,100,0,0,1,100,1,100,0,0,1,100,69,44,-36.23188406,1481,1455,1.786941581,11.35274773,10.9410322,-3.626571711,65,42,-35.38461538,818,502,-38.63080685,6.270457559,3.708574046,-40.85640464,25,32,28,62,133,114.516129,0.475266954,0.982550494,106.7365478,19,22,15.78947368,25,16,-36,0.191639901,0.118201563,-38.3210059,1,2,100,2,4,100,,20202,,,149.2442488,,,4,15,275,5,12,140,30000,42000,40,0,0
37157,NC,Rockingham,80,110,37.5,9.269988413,12.19512195,0.903727877,1.082185099,288,355,23.26388889,3.091322829,3.828814254,23.85682332,3,4,33.33333206,0.032643113,0.044106297,35.11669922,3,75,1,25,1,25,0,0,3,75,3,75,3,75,3,75,3,75,85,73,-14.11764706,191,153,24.83660131,2.050148126,2.060009923,0.481028495,77,71,-7.792207792,150,134,-10.66666667,1.610063973,1.445242563,-10.23694788,36,36,0,142,133,-6.338028169,1.524193895,1.434457171,-5.887487396,38,50,31.57894737,53,85,60.37735849,0.568889271,0.916758343,61.14881928,1,1,0,3,6,100,700,16020,2188.571429,7.513631875,172.7819841,2199.580109,,6,14,133.3333333,9,19,111.1111111,8000,138000,1625,0,
37159,NC,Rowan,101,101,0,10.27466938,9.990108803,0.9103969,0.701349115,545,589,8.073394495,4.018403551,4.273039226,6.336737269,2,4,100,0.014519899,0.028316179,95.01636505,1,25,1,25,0,0,0,0,4,100,4,100,4,100,2,50,3,75,75,46,-38.66666667,1059,660,60.45454545,7.808237359,7.682764925,-1.60692392,75,46,-38.66666667,,,,,,,21,40,90.47619048,44,107,143.1818182,0.324421571,0.776256702,139.2740714,28,31,10.71428571,53,73,37.73584906,0.390780529,0.529595694,35.52253875,0,1,,0,1,,0,,,0,,,1,10,14,40,8,15,87.5,,,,1,
37161,NC,Rutherford,55,73,32.72727273,7.80141844,11.44200627,4.552352049,0.539260818,300,123,-59,4.52454566,1.830275434,-59.54786245,3,3,0,0.044877931,0.044892706,0.03292153,0,0,1,33.33333206,0,0,1,33.33333206,2,66.66666412,1,33.33333206,1,33.33333206,1,33.33333206,1,33.33333206,34,47,38.23529412,186,161,15.52795031,2.805218309,2.767733583,-1.33624987,34,45,32.35294118,166,145,-12.65060241,2.503581932,2.157641772,-13.81780862,12,9,-25,35,115,228.5714286,0.52786366,1.711233129,224.1808933,15,25,66.66666667,12,12,0,0.180981826,0.178563457,-1.33624987,2,2,0,1,2,100,,,,,,,,5,6,20,8,15,87.5,14000,71000,407.1428571,0,0
37163,NC,Sampson,45,44,-2.222222222,3.740648379,4.12371134,0.022067453,0.031935354,264,402,52.27272727,4.221365868,6.290981362,49.0271528,1,1,0,0.01564529,0.015716845,0.457360506,0,0,0,0,0,0,0,0,1,100,0,0,0,0,0,0,0,0,122,116,-4.918032787,14968,16115,-7.117592305,239.3386527,234.2373359,-2.131422043,121,110,-9.090909091,13374,14409,7.738896366,213.8505573,225.489429,5.44252578,19,22,15.78947368,109,248,127.5229358,1.742912423,3.881003427,122.6734618,18,32,77.77777778,313,1107,253.6741214,5.004876957,17.32367256,246.1358332,2,2,0,3,5,66.66666667,,,,,,,,7,5,-28.57142857,5,9,80,,130000,,1,1
37165,NC,Scotland,16,6,-62.5,8.421052632,4,0.017227622,0.019470642,19,16,-15.78947368,0.521992362,0.442734995,-15.1836258,1,1,0,0.02784352,0.028727377,3.174371481,0,0,0,0,0,0,0,0,0,0,0,0,0,0,0,0,0,0,18,10,-44.44444444,75,26,188.4615385,2.060496167,2.075320291,0.719444368,18,10,-44.44444444,75,26,-65.33333333,2.060496167,0.719444368,-65.08392595,7,6,-14.28571429,88,123,39.77272727,2.417648837,3.403525277,40.77831429,4,3,-25,9,,,0.24725954,,,0,0,0,1,2,100,,,,,,,,0,2,,6,7,16.66666667,,,,0,0
37167,NC,Stanly,31,56,80.64516129,4.347826087,8.43373494,0.211852491,0.321193597,226,310,37.16814159,3.776170028,5.124305739,35.70113902,1,2,100,0.016493212,0.03221909,95.34757233,1,50,1,50,0,0,0,0,2,100,2,100,1,50,1,50,1,50,9,13,44.44444444,15,74,-79.72972973,0.250630754,0.247950278,-1.069492198,9,13,44.44444444,15,,,0.250630754,,,17,20,17.64705882,109,77,-29.35779817,1.821250146,1.272811426,-30.113311,4,10,150,6,23,283.3333333,0.100252302,0.380190426,279.2336132,2,4,100,2,3,50,,3000,,,49.59005554,,,2,13,550,3,10,233.3333333,,108000,,1,0
37169,NC,Stokes,108,87,-19.44444444,11.21495327,9.39524838,1.432491512,0.76025066,308,239,-22.4025974,6.542195034,5.111096854,-21.87489325,4,2,-50,0.085990071,0.043987948,-48.84531784,1,50,1,50,0,0,1,50,1,50,1,50,1,50,1,50,1,50,90,55,-38.88888889,212,272,-22.05882353,4.503069309,4.533692607,0.680053891,85,52,-38.82352941,190,263,38.42105263,4.035769664,5.624345074,39.36239039,33,34,3.03030303,94,86,-8.510638298,1.996643939,1.839139454,-7.888461334,22,31,40.90909091,24,31,29.16666667,0.509781431,0.662945617,30.04506961,1,1,0,4,6,50,13820,5430,-60.70911722,293.5491408,116.1224097,-60.44191804,,11,6,-45.45454545,9,11,22.22222222,,10000,,1,1
37171,NC,Surry,89,98,10.11235955,7.074721781,7.802547771,0.344960699,0.283008435,420,563,34.04761905,5.751297465,7.657363582,33.14149769,3,4,33.33333206,0.041297287,0.055595707,34.62314606,0,0,0,0,3,75,3,75,4,100,3,75,3,75,3,75,3,75,65,52,-20,274,331,-17.22054381,3.752036918,3.726674283,-0.675969751,64,51,-20.3125,,309,,,4.202709319,,64,59,-7.8125,1013,646,-36.2290227,13.87158174,8.786246668,-36.66009522,31,34,9.677419355,74,50,-32.43243243,1.013323839,0.680050052,-32.88916875,0,0,0,3,1,-66.66666667,12600,,,172.538924,,,1,15,8,-46.66666667,10,25,150,326000,243000,-25.4601227,1,1
37173,NC,Swain,10,10,0,11.76470588,10.63829787,,1.329394387,,9,,,0.638841567,,4,3,-25,0.286143512,0.210600212,-26.40049362,0,0,0,0,0,0,0,0,1,33.33333206,1,33.33333206,1,33.33333206,1,33.33333206,1,33.33333206,12,23,91.66666667,50,28,78.57142857,3.618206817,3.549119818,-1.909426462,12,21,75,50,26,-48,3.618206817,1.845542306,-48.99290176,3,1,-66.66666667,4,,,0.289456545,,,4,1,-75,7,,,0.506548954,,,0,0,0,0,0,,0,0,,0,0,,,0,0,,1,3,200,,45000,,0,1
37175,NC,Transylvania,27,42,55.55555556,9.677419355,19.00452489,2.038505096,3.433033741,252,699,177.3809524,7.860016843,21.30123419,171.0074879,1,1,0,0.030461801,0.029226948,-4.053777695,0,0,0,0,0,0,0,0,0,0,1,100,1,100,1,100,1,100,36,28,-22.22222222,260,273,-4.761904762,8.109541187,7.923205851,-2.297729697,33,26,-21.21212121,258,264,2.325581395,8.047160101,8.045101326,-0.025583876,4,10,150,8,13,62.5,0.249524344,0.396160293,58.76618924,13,20,53.84615385,10,12,20,0.31190543,0.365686424,17.24272436,0,0,0,3,0,-100,3456,0,-100,107.7945167,0,-100,,9,5,-44.44444444,7,5,-28.57142857,96000,44000,-54.16666667,1,1
37177,NC,Tyrrell,7,6,-14.28571429,10.29411765,7.692307692,0.066371681,0.052056221,24,31,29.16666667,5.452067242,7.493352671,37.44057691,0,0,0,0,0,0,0,0,0,0,0,0,0,0,0,0,0,0,0,0,0,0,0,0,9,9,0,2478,3652,-32.14676889,562.9259428,598.9847716,6.405607928,6,6,0,156,217,39.1025641,35.43843707,52.4534687,48.01292898,4,2,-50,30,,,6.815084053,,,0,0,,0,0,,0,0,,0,0,0,0,0,,0,0,,0,0,,,0,0,,0,0,,0,0,,0,0
37179,NC,Union,40,49,22.5,3.613369467,4.62700661,0.026309635,0.047589721,108,255,136.1111111,0.584472514,1.223919711,109.405863,3,2,-33.33333206,0.014135675,0.008477882,-40.02492523,1,50,1,50,0,0,1,50,2,100,2,100,2,100,2,100,2,100,19,23,21.05263158,,,,,,,17,23,35.29411765,,,,,,,4,5,25,14,15,7.142857143,0.075764955,0.071995277,-4.975490751,3,5,66.66666667,5,7,40,0.027058913,0.033597796,24.16535875,6,4,-33.33333333,1,3,200,,1896,,,9.100203027,,,2,5,150,5,15,200,,575000,,1,1
37181,NC,Vance,7,14,100,2.845528455,5.785123967,,0.167688216,39,29,-25.64102564,0.87295192,0.643686325,-26.26325576,2,1,-50,0.044938769,0.022430578,-50.0863533,0,0,0,0,0,0,0,0,1,100,1,100,1,100,1,100,1,100,16,15,-6.25,97,104,-6.730769231,2.17118811,2.153019777,-0.836792222,11,15,36.36363636,90,104,15.55555556,2.014504432,2.308392338,14.58859565,2,5,150,,12,,,0.266352962,,3,6,100,4,5,25,0.08953353,0.110980401,23.95400972,0,1,,0,0,,0,0,,0,0,,,0,1,,4,13,225,,116000,,1,1
37183,NC,Wake,91,143,57.14285714,11.00362757,18.26309068,1.135798964,1.002406388,480,654,36.25,0.584220923,0.686559393,17.51708394,13,14,7.692307472,0.013346926,0.012816933,-3.970901728,4,28.5714283,4,28.5714283,1,7.142857075,6,42.8571434,12,85.7142868,12,85.7142868,10,71.42857361,12,85.7142868,12,85.7142868,94,95,1.063829787,1333,1249,6.725380304,1.622430189,1.39936341,-13.74892922,93,90,-3.225806452,1281,1127,-12.02185792,1.559139589,1.1831077,-24.11791041,28,30,7.142857143,63,61,-3.174603175,0.076678996,0.064036885,-16.48705845,33,33,0,58,71,22.4137931,0.070593362,0.074534735,5.583207335,1,0,-100,4,3,-25,9400,7640,-18.72340426,11.44099308,8.020357431,-29.89806588,2,12,13,8.333333333,26,24,-7.692307692,75000,463000,517.3333333,1,1
37185,NC,Warren,16,14,-12.5,5.442176871,5.46875,0.292793777,0.464118565,67,119,77.6119403,3.232966609,5.780346821,78.79389181,1,1,0,0.048543688,0.050487202,4.003638268,0,0,0,0,0,0,0,0,1,100,1,100,1,100,1,100,1,100,21,10,-52.38095238,124,97,27.83505155,5.983400888,6.023218536,0.6654685,19,10,-47.36842105,117,,,5.645628257,,,4,2,-50,,,,,,,2,5,150,,12,,,0.582892116,,0,0,0,0,2,,0,,,0,,,1,0,0,,4,21,425,,207000,,1,
37187,NC,Washington,12,5,-58.33333333,6.417112299,3.205128205,0.083058899,0.238426095,57,163,185.9649123,4.326047359,12.8174884,196.2863635,1,1,0,0.078808419,0.084324144,6.998902321,0,0,0,0,0,0,0,0,0,0,0,0,0,0,0,0,0,0,14,10,-28.57142857,3470,2816,23.22443182,263.3576199,272.8630966,3.609341826,10,9,-10,2696,,,204.6144505,,,5,6,20,16,25,56.25,1.214329083,1.965872454,61.8895966,5,1,-80,44,,,3.339404979,,,0,0,0,0,0,,0,0,,0,0,,,0,1,,0,3,,0,,,0,1
37189,NC,Watauga,33,61,84.84848485,5.621805792,10.01642036,0.763292567,1.236021189,88,189,114.7727273,1.804572952,3.631123919,101.2179067,4,4,0,0.076486222,0.071498796,-6.520685673,1,25,1,25,0,0,1,25,1,25,1,25,1,25,1,25,1,25,52,57,9.615384615,78,133,-41.35338346,1.599507844,1.498559078,-6.311239193,46,57,23.91304348,72,130,80.55555556,1.476468779,2.497598463,69.16026257,27,28,3.703703704,50,65,30,1.025325541,1.248799232,21.79538905,10,18,80,5,12,140,0.102532554,0.23054755,124.8530259,1,0,-100,2,6,200,,8634,,,165.8789625,,,5,21,320,8,25,212.5,10000,306000,2960,1,1
37191,NC,Wayne,27,27,0,3.734439834,4.795737123,0.044894408,0.083503111,225,482,114.2222222,1.891678297,3.870988467,104.6324935,1,1,0,0.008024265,0.008113722,1.114834309,0,0,0,0,0,0,0,0,0,0,1,100,0,0,1,100,1,100,49,35,-28.57142857,3238,3804,-14.87907466,27.22335256,26.00469016,-4.476533136,46,29,-36.95652174,2839,2451,-13.66678408,23.86877638,19.68421729,-17.5315191,19,15,-21.05263158,77,51,-33.76623377,0.647374351,0.409585917,-36.73121026,5,7,40,2,,,0.016814918,,,4,6,50,0,4,,0,32096,,0,257.7660702,,,3,1,-66.66666667,1,3,200,,,,0,1
37193,NC,Wilkes,40,55,37.5,3.652968037,5.658436214,0.07977816,0.24111016,311,687,120.9003215,4.509468434,9.924160347,120.07384,1,1,0,0.014572586,0.014586402,0.094809324,1,100,1,100,0,0,0,0,1,100,1,100,1,100,1,100,1,100,19,29,52.63157895,21,62,-66.12903226,0.304497869,0.303358613,-0.37414229,17,29,70.58823529,20,62,210,0.28999797,0.895630191,208.8401589,39,36,-7.692307692,442,338,-23.52941176,6.408955137,4.882629108,-23.81552057,9,23,155.5555556,6,22,266.6666667,0.086999391,0.317804261,265.2948116,3,1,-66.66666667,0,5,,0,88260,,0,1274.972914,,,4,16,300,7,9,28.57142857,275000,395000,43.63636364,0,1
37195,NC,Wilson,24,18,-25,7.894736842,6.060606061,0.560254775,0.065133161,716,117,-83.65921788,9.124041084,1.431035115,-84.31577519,3,3,0,0.036952183,0.036830153,-0.330235809,2,66.66666412,0,0,0,0,0,0,3,100,2,66.66666412,2,66.66666412,2,66.66666412,2,66.66666412,35,39,11.42857143,4764,8443,-43.57455881,60.7080052,58.26881444,-4.017906286,29,31,6.896551724,3349,4849,44.7894894,42.67655529,59.30845534,38.9719834,5,6,20,18,30,66.66666667,0.229375335,0.366932081,59.97015619,4,5,25,,,,,,,2,1,-50,0,0,,0,0,,0,0,,,3,1,-66.66666667,1,1,0,,,,0,0
37197,NC,Yadkin,57,75,31.57894737,5.757575758,7.878151261,,0.126734579,,158,,,4.1453496,,2,3,50,0.052538946,0.079908371,52.0935936,0,0,0,0,0,0,1,33.33333206,1,33.33333206,1,33.33333206,1,33.33333206,1,33.33333206,1,33.33333206,29,27,-6.896551724,104,43,141.8604651,2.739365205,2.728584547,-0.393545848,27,27,0,,38,,,0.996982815,,36,41,13.88888889,203,239,17.73399015,5.347030159,6.27049718,17.27065292,6,23,283.3333333,9,30,233.3333333,0.23706045,0.787091696,232.0215138,1,1,0,2,7,250,,26080,,,684.2450479,,,11,7,-36.36363636,5,10,100,451000,,,1,1
37199,NC,Yancey,34,53,55.88235294,7.606263982,11.77777778,3.305625362,2.908900888,171,167,-2.339181287,9.5,9.480556344,-0.204670063,1,1,0,0.056980059,0.055856559,-1.971740961,1,100,0,0,0,0,0,0,1,100,1,100,1,100,1,100,1,100,44,54,22.72727273,128,131,-2.290076336,7.111111111,7.266534204,2.185637241,40,50,25,58,111,91.37931034,3.222222222,6.30144763,95.56216782,9,8,-11.11111111,23,24,4.347826087,1.277777778,1.362475163,6.628491034,8,18,125,5,12,140,0.277777778,0.681237582,145.2455294,0,0,0,5,11,120,13960,24624,76.38968481,775.5555556,1397.899517,80.24492345,1,5,9,80,3,27,800,,1421000,,1,1
,,,,,,,,,,,,,,,,,,,,,,,,,,,,,,,,,,,,,,,,,,,,,,,,,,,,,,,,,,,,,,,,,,,,,,,,,,,,,,,,,,,,,,,,,,,,,,,,,,0.618398637,
